name,nDCG@10,AP@100,RR@10,nDCG@10 +,nDCG@10 -,nDCG@10 p-value,nDCG@10 reject,nDCG@10 p-value corrected,AP@100 +,AP@100 -,AP@100 p-value,AP@100 reject,AP@100 p-value corrected,RR@10 +,RR@10 -,RR@10 p-value,RR@10 reject,RR@10 p-value corrected
no_normalization_fusion,0.3126669491570986,0.254689010752379,0.37836138056045465,,,,False,,,,,False,,,,,False,
min_max_fusion,0.3198206779238025,0.2614548399885013,0.3932656035665295,137.0,101.0,0.11824766316170461,False,0.7094859789702277,180.0,129.0,0.12495521511751656,False,0.7497312907050994,97.0,79.0,0.04940941768316691,False,0.2964565060990014
theoretical_min_max_fusion,0.314260131617673,0.2540756197064319,0.38417842445620226,129.0,115.0,0.7360702467903726,False,1.0,168.0,146.0,0.8944221505928642,False,1.0,95.0,89.0,0.4516342799542251,False,1.0
z_score_fusion,0.3200085040594795,0.260463089732564,0.39337215853419566,138.0,99.0,0.1029825502747715,False,0.617895301648629,179.0,129.0,0.1780374749569333,False,1.0,99.0,78.0,0.04886270809317906,False,0.29317624855907437
min_max_fusion_lexical_only,0.30952204912454406,0.2523171093266634,0.374074074074074,113.0,115.0,0.49224000104070487,False,1.0,138.0,157.0,0.6019935876325833,False,1.0,90.0,90.0,0.5607829003995539,False,1.0
theoretical_min_max_fusion_lexical_only,0.30956533628266036,0.2523614670507597,0.3741108171663726,114.0,115.0,0.4982698741365592,False,1.0,139.0,157.0,0.6088809285531344,False,1.0,91.0,90.0,0.5641519635434167,False,1.0
z_score_fusion_lexical_only,0.31264338591559904,0.2567424752635246,0.3816915294924554,108.0,96.0,0.9950420606330497,False,1.0,138.0,142.0,0.5881551900215745,False,1.0,84.0,73.0,0.5972680864812453,False,1.0
