name,nDCG@10,AP@100,RR@10,nDCG@10 +,nDCG@10 -,nDCG@10 p-value,nDCG@10 reject,nDCG@10 p-value corrected,AP@100 +,AP@100 -,AP@100 p-value,AP@100 reject,AP@100 p-value corrected,RR@10 +,RR@10 -,RR@10 p-value,RR@10 reject,RR@10 p-value corrected
no_normalization_fusion,0.6892022971203224,0.6484622071602072,0.6557261904761902,,,,False,,,,,False,,,,,False,
min_max_fusion,0.6902872272021593,0.6500075862246915,0.6596785714285712,43.0,38.0,0.8858035605383208,False,1.0,53.0,44.0,0.8569720210522817,False,1.0,36.0,37.0,0.6770790824439882,False,1.0
theoretical_min_max_fusion,0.7001022575829452,0.658921170381089,0.6665886243386242,43.0,30.0,0.1298899344974644,False,0.7793396069847863,51.0,34.0,0.20069309023473078,False,1.0,35.0,28.0,0.2135365265437198,False,1.0
z_score_fusion,0.6999811985651209,0.6596392390454426,0.6671071428571428,42.0,28.0,0.09889805034534051,False,0.5933883020720431,53.0,34.0,0.13834810986433424,False,0.8300886591860055,34.0,27.0,0.1616417735472802,False,0.9698506412836813
min_max_fusion_lexical_only,0.6477000622995238,0.6091635005844692,0.616164021164021,40.0,59.0,0.000417367195545739,True,0.002504203173274434,45.0,73.0,0.0028718507838370318,True,0.01723110470302219,34.0,57.0,0.004122502316078174,True,0.024735013896469045
theoretical_min_max_fusion_lexical_only,0.6477000622995238,0.6091635005844692,0.616164021164021,40.0,59.0,0.000417367195545739,True,0.002504203173274434,45.0,73.0,0.0028718507838370318,True,0.01723110470302219,34.0,57.0,0.004122502316078174,True,0.024735013896469045
z_score_fusion_lexical_only,0.6661233883859944,0.629207557853215,0.636914021164021,37.0,52.0,0.02023661666751144,False,0.12141970000506865,42.0,67.0,0.08858860911002295,False,0.5315316546601376,31.0,50.0,0.11361990859738302,False,0.6817194515842981
